"status","judul","pembuat_koleksi","tipe_koleksi","id","user_created","date_created","user_updated","date_updated","lembaga_penanggungjawab","lokasi_koleksi","keterangan_koleksi","keywords","tanggal_dibuat","tanggal_publikasi","thumbnail.id"
"published","Floppy Disk  Window/MS-DOS (about library)","Wina Erwina, M.A., Ph.D.",,"8DA0845D-BD9E-429F-90A1-083B14114182","EE52F8FE-5D3A-48AD-8C79-6F6C4CC8FDF0","2024-04-24T07:29:32.173Z","EE52F8FE-5D3A-48AD-8C79-6F6C4CC8FDF0","2024-09-09T07:11:04.840Z","Pusat Pengelolaan Pengetahuan UNPAD",,"<p><span style=""font-family: 'times new roman', times, serif;"">Floppy Disk &nbsp;Window/MS-DOS</span><br><span style=""font-family: 'times new roman', times, serif;"">(about library)</span></p>
<p><span style=""font-family: 'times new roman', times, serif;"">Bahan :<strong> </strong>plastik dan logam</span></p>
<p><span style=""font-family: 'times new roman', times, serif;"">Ukuran luar :&nbsp;Panjang dan lebar 9 cm</span></p>
<p><span style=""font-family: 'times new roman', times, serif;"">Ukuran Disket : 8 inci</span></p>
<p><span style=""font-family: 'times new roman', times, serif;"">Kapasitas : 1.44 Mb</span></p>","[""floppy disk"",""library""]",,"2024-04-24","0F19EC69-A5D4-4C02-B127-1CB2DFE79CB9"
"published","Profil dan Kontribusi Universitas Padjadjaran ",,"Koleksi Buku","EE81D4B9-20C8-430E-958A-0FCFFB8145F9","EE52F8FE-5D3A-48AD-8C79-6F6C4CC8FDF0","2024-04-24T03:08:14.553Z","EE52F8FE-5D3A-48AD-8C79-6F6C4CC8FDF0","2024-09-09T07:10:50.480Z","Pusat Pengelolaan Pengetahuan UNPAD",,"<p><span style=""font-family: 'times new roman', times, serif;"">Profil dan Kontribusi Universitas Padjadjaran Dalam Mengisi 60 Tahun Indonesia Merdeka</span></p>
<p><span style=""font-family: 'times new roman', times, serif;"">Bahan : Kertas</span></p>
<p class=""MsoNormal"" style=""line-height: normal; mso-pagination: none; border: none; mso-padding-alt: 31.0pt 31.0pt 31.0pt 31.0pt; mso-border-shadow: yes;""><span style=""font-family: 'times new roman', times, serif;"">Ukuran : Lebar 22 cm, Panjang 22 cm</span></p>
<p class=""MsoNormal"" style=""line-height: normal; mso-pagination: none; border: none; mso-padding-alt: 31.0pt 31.0pt 31.0pt 31.0pt; mso-border-shadow: yes;""><span style=""font-family: 'Cambria',serif; mso-ascii-theme-font: minor-latin; mso-hansi-theme-font: minor-latin; mso-no-proof: yes;"">&nbsp;</span></p>","[""profil"",""unpad"",""indonesia"",""merdeka""]",,"2024-04-24","9908D84D-B50E-422C-983D-9F25B8CE376E"
"published","Tesis Penataan Ruang di Kampung Dukuh, Desa Ciroyom Kecamatan Cikelet, Kabupaten Garut","Raden Dwi Tiara Lestari",,"4B8280F4-EAB4-4093-A2CD-127784D0CB02","EE52F8FE-5D3A-48AD-8C79-6F6C4CC8FDF0","2024-09-27T06:10:10.393Z",,,"Pusat Pengelolaan Pengetahuan UNPAD","Pusat Pengelolaan Pengetahuan UNPAD","<p><span style=""font-family: 'times new roman', times, serif;"">Tesis Penataan Ruang di Kampung Dukuh, Desa Ciroyom Kecamatan Cikelet, Kabupaten Garut oleh Raden Dwi Tiara Lestari</span></p>
<p><span style=""font-family: 'times new roman', times, serif;"">Bahan : Kertas dan hard Cover</span></p>
<p><span style=""font-family: 'times new roman', times, serif;"">Ukuran : Lebar 21,5 cm dan&nbsp;Panjang 29,5 cm</span></p>
<p><span style=""font-family: 'times new roman', times, serif;"">Tahun 2013</span></p>
<p>&nbsp;</p>","[""tesis"",""penataan ruang""]","2013-11-01","2024-09-27","94E9F40F-1FBB-40FE-BF99-B8B5D54F50B0"
"published","Milestone Perkembangan Pengolahan Koleksi Perpustakaan UNPAD dari masa ke masa","Perpustakaan UNPAD",,"96D1E3C2-F0C0-45D3-B82E-136A7317AC81","EE52F8FE-5D3A-48AD-8C79-6F6C4CC8FDF0","2024-09-27T06:49:00.376Z","EE52F8FE-5D3A-48AD-8C79-6F6C4CC8FDF0","2024-10-04T03:30:00.346Z","Pusat Pengelolaan Pengetahuan UNPAD","Pusat Pengelolaan Pengetahuan UNPAD","<p><span style=""font-family: 'times new roman', times, serif;"">Milestone Perkembangan Pengolahan Koleksi Perpustakaan UNPAD dari masa ke masa yang divisualisasikan dalam bentuk infografis dengan informasi berasal dari hasil wawancara yang dilakukan Oleh Tarlina Nur Ilahi dan Dama Yanti kepada pustakawan pada bidangnya yaitu Ibu Dra. Mulyani dan Bapak Dede Prijadi dan hasil wawancara ini divisualisasikan dalam bentuk infografis oleh Graceline Esterini Mulyana dan Siti Rina Latifah</span></p>","[""Pengolahan Koleksi Perpustakaan"",""perpustakaan""]","2024-09-04","2024-09-27","68F25791-25C3-47E1-BF8D-F6B91DF9B1D7"
"published","Negarawan Dari Desa Cinta: Biografi R.H. Moh. sanusi Hardjadinata (1914-1995)","Dr. Ninan H. Lubis, M.sS.","Koleksi Biografi","6D752168-3969-455D-8127-1485CADA65E6","EE52F8FE-5D3A-48AD-8C79-6F6C4CC8FDF0","2024-04-24T03:21:06.770Z","EE52F8FE-5D3A-48AD-8C79-6F6C4CC8FDF0","2024-09-09T07:11:16.743Z","Pusat Pengelolaan Pengetahuan UNPAD",,"<p><span style=""font-family: 'times new roman', times, serif;"">Negarawan Dari Desa Cinta: Biografi R.H. Moh. sanusi Hardjadinata (1914-1995)</span></p>
<p><span style=""font-family: 'times new roman', times, serif;"">Kata Pengantar : Prof. Dr. Taufik Abdullah</span></p>
<p><span style=""font-family: 'times new roman', times, serif;"">Diterbitakn oleh : Satya Historika</span></p>
<p><span style=""font-family: 'times new roman', times, serif;"">Bahan : Kertas</span></p>
<p><span style=""font-family: 'times new roman', times, serif;"">Ukuran : Panjang 21,5 cm dan Lebar 15 cm</span></p>
<p><span style=""font-family: 'times new roman', times, serif;"">Tahun : 1914</span></p>
<p class=""MsoNormal"" style=""line-height: normal; mso-pagination: none; border: none; mso-padding-alt: 31.0pt 31.0pt 31.0pt 31.0pt; mso-border-shadow: yes;"">&nbsp;</p>
<p class=""MsoNormal"" style=""line-height: normal; mso-pagination: none; border: none; mso-padding-alt: 31.0pt 31.0pt 31.0pt 31.0pt; mso-border-shadow: yes;"">&nbsp;</p>
<p class=""MsoNormal"" style=""line-height: normal; mso-pagination: none; border: none; mso-padding-alt: 31.0pt 31.0pt 31.0pt 31.0pt; mso-border-shadow: yes;""><span style=""font-family: 'Cambria',serif; mso-ascii-theme-font: minor-latin; mso-hansi-theme-font: minor-latin; mso-no-proof: yes;"">&nbsp;</span></p>
<p>&nbsp;</p>","[""biografi"",""negarawan""]",,"2024-04-24","9CFA56B4-364C-47F8-8F1F-516246036241"
"published","Foto Lukisan-lukisan dan Patung-patung koleksi Presiden Sukarno edisi III dari Republik Indonesia",,"Koleksi Seni","FF6309CA-7E0F-4422-840D-1551A78EA14A","EE52F8FE-5D3A-48AD-8C79-6F6C4CC8FDF0","2024-04-23T07:04:41.713Z","09B23E6C-1F49-4392-B0C4-090E2051FF57","2024-09-19T06:15:16.873Z","Pusat Pengelolaan Pengetahuan UNPAD",,"<p><span style=""font-family: 'times new roman', times, serif;"">Foto Lukisan-lukisan dan Patung-patung koleksi Presiden Sukarno edisi III dari Republik Indonesia</span></p>
<p><span style=""font-family: 'times new roman', times, serif;"">Bahan : Kertas Arts Papper</span></p>
<p><span style=""font-family: 'times new roman', times, serif;"">Ukuran : Panjang 38,5 cm dan Lebar 31 cm</span></p>
<p><span style=""font-family: 'times new roman', times, serif;"">Tahun : 1964</span></p>","[""lukisan"",""patung"",""sukarno""]",,"2024-04-23","ABBE681C-D42C-4D0C-9881-53FE3FC2DA27"
"published","Undangan Pertemuan Sdr Dra. Ny. Kusdwiratri Setiono","Universitas Padjadjaran","Koleksi  Sejarah","1AB518B1-2CFE-4D14-A180-1A9611FFE923","EE52F8FE-5D3A-48AD-8C79-6F6C4CC8FDF0","2024-04-23T03:14:26.380Z","EE52F8FE-5D3A-48AD-8C79-6F6C4CC8FDF0","2024-09-10T03:37:52.000Z","Pusat Pengelolaan Pengetahuan UNPAD",,"<p><span style=""font-size: 11pt; line-height: 115%; font-family: 'times new roman', times, serif;"">Undangan Pertemuan dengan Kontraktor untuk mendapatkan keterangan dan penjelasan mengenai perumahan untuk Sdr Dra. Ny. Kusdwiratri Setiono, Fakultas Psikologi, Universitas Padjadjaran&nbsp;</span></p>
<p><span style=""font-size: 11pt; line-height: 115%; font-family: 'times new roman', times, serif;"">Bahan : Kertas</span></p>
<p><span style=""font-size: 11pt; line-height: 115%; font-family: 'times new roman', times, serif;"">Ukuran : Panjang 30,8 cm dan Lebar 20,8 cm</span></p>
<p><span style=""font-size: 11pt; line-height: 115%; font-family: 'times new roman', times, serif;"">Tahun : 1977</span></p>","[""surat"",""undangan""]","1977-11-07","2024-04-23","62852AD6-F08C-4DD8-BF55-8E6514852E6B"
"published","Kartu Tanda “Tamu” UPT Perpustakaan Unpad","UPT Perpustakaan UNPAD",,"00DAC9CA-1588-4A1A-BA98-20ACC67B6977","EE52F8FE-5D3A-48AD-8C79-6F6C4CC8FDF0","2024-04-24T07:37:03.366Z","EE52F8FE-5D3A-48AD-8C79-6F6C4CC8FDF0","2024-09-09T07:12:19.000Z","Pusat Pengelolaan Pengetahuan UNPAD",,"<p><span style=""font-family: 'times new roman', times, serif;"">Kartu Tanda &ldquo;Tamu&rdquo; UPT Perpustakaan Unpad&nbsp;</span></p>
<p><span style=""font-family: 'times new roman', times, serif;"">Bahan : Kertas di laminasi</span></p>
<p><span style=""font-family: 'times new roman', times, serif;"">Ukuran : Panjang 10,5 cm dan Lebar 7 cm</span></p>
<p><span style=""font-family: 'times new roman', times, serif;"">Tahun : 2015</span></p>
<p><span style=""font-family: 'times new roman', times, serif;"">Jumlah : 15 buah</span></p>","[""kartu"",""perpustakaan""]","2015-01-01","2024-04-24","E01D8C35-D34E-4A2B-B2DC-ED4A645E34D9"
"published","Colour Disk  2HD Formated (about library)","Wina Erwina, M.A., Ph.D.",,"EEE3D0B4-12CB-40F0-A7FD-2131491A6792","EE52F8FE-5D3A-48AD-8C79-6F6C4CC8FDF0","2024-04-24T07:27:31.613Z","EE52F8FE-5D3A-48AD-8C79-6F6C4CC8FDF0","2024-09-09T07:12:58.253Z","Pusat Pengelolaan Pengetahuan UNPAD",,"<p><span style=""font-family: 'times new roman', times, serif;"">Colour Disk &nbsp;2HD Formated</span><br><span style=""font-family: 'times new roman', times, serif;"">(about library)</span></p>
<p><span style=""font-family: 'times new roman', times, serif;"">Bahan : plastik dan logam</span></p>
<p><span style=""font-family: 'times new roman', times, serif;"">Ukuran luar : panjang dan lebar 9 cm</span></p>
<p><span style=""font-family: 'times new roman', times, serif;"">Kapasitas : 1.44 Mb</span></p>","[""colour disk"",""library""]",,"2024-04-24","DE79ECAB-9DAD-4863-9D49-2A13C173C32F"
"published","50 Tahun Unpad Bagimu Negeri ","Universitas Padjadjaran ","Koleksi Sejarah","FC06D721-185E-4AED-846D-24E4EF736C96","EE52F8FE-5D3A-48AD-8C79-6F6C4CC8FDF0","2024-04-24T07:22:12.506Z","EE52F8FE-5D3A-48AD-8C79-6F6C4CC8FDF0","2024-09-10T03:30:43.123Z","Pusat Pengelolaan Pengetahuan UNPAD",,"<p><span style=""font-family: 'times new roman', times, serif;"">50 Tahun Unpad Bagimu Negeri Sejarah Singkat Universitas Padjadjaran dan Perangko 50 Tahun Universitas Padjadjaran</span></p>
<p><span style=""font-family: 'times new roman', times, serif;"">Bahan : Hard Cover Kulit Sintesis dan Art Papper</span></p>
<p><span style=""font-family: 'times new roman', times, serif;"">Ukuran : Panjang cover 29,2 cm</span><br><span style=""font-family: 'times new roman', times, serif;"">&nbsp; &nbsp; &nbsp; &nbsp; &nbsp; &nbsp; &nbsp; &nbsp;Lebar cover 25,9cm</span><br><span style=""font-family: 'times new roman', times, serif;"">&nbsp; &nbsp; &nbsp; &nbsp; &nbsp; &nbsp; &nbsp; &nbsp;Panjang dan Lebar isi 23,9 cm</span></p>
<p><span style=""font-family: 'times new roman', times, serif;"">Tahun :&nbsp;</span></p>","[""sejarah"",""perangko"",""unpad""]",,"2024-04-24","25187014-13E9-4AA7-B4DF-F52823F11102"
"published","Seperangkat Toga dan Baret","Universitas Padjadjaran","Koleksi sejarah","5899FF4C-0029-40BE-9774-26FDB1A3EE89","EE52F8FE-5D3A-48AD-8C79-6F6C4CC8FDF0","2024-04-23T02:56:36.103Z","EE52F8FE-5D3A-48AD-8C79-6F6C4CC8FDF0","2024-09-19T06:03:47.070Z","Pusat Pengelolaan Pengetahuan UNPAD",,"<p><span style=""font-family: 'times new roman', times, serif;"">Tersedia Seperangkat Toga dan Baret dipajang di Memorabilia</span></p>
<p>&nbsp;</p>","[""toga"",""baret""]",,"2024-04-23","7CD9F5D7-BF03-42DD-BFBE-753CD26358F7"
"published","Buku Petunjuk Pengguna CISRAL","CISRAL UNPAD",,"9EF1CF4C-D4F8-48D7-99EA-272DE6CA5C01","EE52F8FE-5D3A-48AD-8C79-6F6C4CC8FDF0","2024-04-24T07:41:52.293Z","EE52F8FE-5D3A-48AD-8C79-6F6C4CC8FDF0","2024-09-09T07:14:05.096Z","Pusat Pengelolaan Pengetahuan UNPAD",,"<p><span style=""font-family: 'times new roman', times, serif;"">Buku Petunjuk Pengguna CISRAL UNPAD</span><br><span style=""font-family: 'times new roman', times, serif;"">Pusat Sumberdaya Informasi Ilmiah dan Perpustakaan Universitas Padjadjaran</span></p>
<p><span style=""font-family: 'times new roman', times, serif;"">Bahan : Kertas</span></p>
<p><span style=""font-family: 'times new roman', times, serif;"">Ukuran : Panjang 15 cm dan Lebar 11 cm</span></p>
<p><span style=""font-family: 'times new roman', times, serif;"">Tahun : 2013</span></p>","[""buku"",""petunjuk"",""cisral"",""perpustakaan""]",,"2024-04-24","52B714A5-3F17-4EEB-9239-2D5E561A6647"
"published","Map Ijazah Universitas Padjadjaran","Universitas Padjadjaran","Koleksi Sejarah","1771F576-5668-449E-828E-2D43E7B48819","EE52F8FE-5D3A-48AD-8C79-6F6C4CC8FDF0","2024-11-12T07:52:27.853Z",,,"Pusat Pengelolaan Pengetahuan UNPAD","Pusat Pengelolaan Pengetahuan UNPAD","<p dir=""ltr""><span style=""font-family: 'times new roman', times, serif;"">Map Ijazah Universitas Padjadjaran</span></p>
<p dir=""ltr""><span style=""font-family: 'times new roman', times, serif;"">Panjang : 34,5 cm</span></p>
<p dir=""ltr""><span style=""font-family: 'times new roman', times, serif;"">Lebar : 26,5 cm</span></p>
<p dir=""ltr""><span style=""font-family: 'times new roman', times, serif;"">Bahan : ASE sablon Tinta emas hard cover</span></p>
<p>&nbsp;</p>","[""ijazah"",""unpad""]",,"2024-11-12","9BCB24FE-BE16-4752-B49E-04C0FE2AD107"
"published","Foto Lukisan-lukisan dan Patung-patung koleksi Presiden Sukarno dari Republik Indonesia edisi I",,"Koleksi Seni","D69F6B31-60BF-4D5F-953D-392166CA10B0","EE52F8FE-5D3A-48AD-8C79-6F6C4CC8FDF0","2024-04-23T06:28:54.033Z","09B23E6C-1F49-4392-B0C4-090E2051FF57","2024-09-19T06:15:35.473Z","Pusat Pengelolaan Pengetahuan UNPAD",,"<p><span style=""font-family: 'times new roman', times, serif;"">Foto Lukisan-lukisan dan Patung-patung koleksi Presiden Sukarno dari Republik Indonesia edisi I</span></p>
<p><span style=""font-family: 'times new roman', times, serif;"">Bahan : Kertas Art Papper</span></p>
<p><span style=""font-family: 'times new roman', times, serif;"">Ukuran : Panjang 38,5 cm dan Lebar 31 cm</span></p>
<p><span style=""font-family: 'times new roman', times, serif;"">Tahun 1964</span></p>
<p>&nbsp;</p>","[""lukisan"",""patung"",""sukarno""]",,"2024-04-23","1AF09628-EB74-4A42-8A11-645A3AF61965"
"published"," Disertasi Keperantaraan Dalam Konteks Budaya Indonesia","John S. Nimpoeno",,"0A8C5EBD-BA85-450A-9613-3CF9C8C6BFC5","EE52F8FE-5D3A-48AD-8C79-6F6C4CC8FDF0","2024-04-24T03:47:12.916Z","EE52F8FE-5D3A-48AD-8C79-6F6C4CC8FDF0","2024-09-10T03:32:16.740Z","Pusat Pengelolaan Pengetahuan",,"<p><span style=""font-family: 'times new roman', times, serif;"">Disertasi Keperantaraan Dalam Konteks Budaya Indonesia: Pengembangan Konsep dan Model dengan Perhatian Khusus pada Fungsinya dalam Konflik Sosial</span></p>
<p><span style=""font-family: 'times new roman', times, serif;"">Bahan : Kertas</span></p>
<p><span style=""font-family: 'times new roman', times, serif;"">Ukuran : Panjang 28,5 cm dan Lebar 21,5 cm</span></p>
<p><span style=""font-family: 'times new roman', times, serif;"">Tahun : 1981</span></p>","[""disertasi"",""budaya"",""konflik sosial""]","1981-06-29","2024-04-24","E1DB86D5-9F8C-44E0-90A7-40DF371C89BC"
"published","Disertasi Rekonstruksi Palinspastik dan Evolusi Geologi Daerah Tubuh Bokon Timor","M. Koesmono",,"37148449-265C-4BD8-84AA-3DE4DF971D43","EE52F8FE-5D3A-48AD-8C79-6F6C4CC8FDF0","2024-04-24T03:33:02.183Z","EE52F8FE-5D3A-48AD-8C79-6F6C4CC8FDF0","2024-09-10T03:33:16.720Z","Pusat Pengelolaan Pengetahuan UNPAD",,"<p><span style=""font-family: 'times new roman', times, serif;"">Disertasi Rekonstruksi Palinspastik dan Evolusi Geologi Daerah Tubuh Bokon Timor</span></p>
<p><span style=""font-family: 'times new roman', times, serif;"">Bahan : Kertas</span></p>
<p><span style=""font-family: 'times new roman', times, serif;"">Ukuran : Panjang 28,5 cm dan Lebar 21,5 cm</span></p>
<p><span style=""font-family: 'times new roman', times, serif;"">Tahun : -</span></p>
<p>&nbsp;</p>","[""rekonstruksi"",""geologi""]",,"2024-04-24","3571A355-8F32-4AAC-818C-4647F3E29604"
"published","Peranan Anggaran Pendapatan dan Belandja dalam Pembangunan Universitas Negeri","Hindersah Wiratmadja",,"B32AAA6C-3BF8-4482-B2EE-3FA353AFD770","EE52F8FE-5D3A-48AD-8C79-6F6C4CC8FDF0","2024-04-24T03:13:35.870Z","EE52F8FE-5D3A-48AD-8C79-6F6C4CC8FDF0","2024-09-09T07:15:33.073Z","Pusat Pengelolaan Pengetahuan UNPAD",,"<p><span style=""font-family: 'times new roman', times, serif;"">Naskah Orasi Ilmiah Berjudul Peranan Anggaran Pendapatan dan Belandja dalam Pembangunan Universitas Negeri (Suatu Introduksi Program dan Performance Budget)</span></p>
<p><span style=""font-family: 'times new roman', times, serif;"">&nbsp;Diucapkan Oleh Hindersah Wiratamdja Guru Besar dalam Ekonomi Perusahaan pada Fakultas Ekonomi Universitas Padjadjaran pada Dies Natalis ke-13 Universitas Padjadajran pada tanggal 14 September 1970 di Bandung</span></p>
<p><span style=""font-family: 'times new roman', times, serif;"">Diterbitkan oleh Jajasan Penerbitan Universitas Padjadjaran</span></p>
<p><span style=""font-family: 'times new roman', times, serif;"">Bahan : Kertas</span></p>
<p><span style=""font-family: 'times new roman', times, serif;"">Ukuran : Panjang 23,8 cm dan Lebar 15,8 cm</span></p>
<p><span style=""font-family: 'times new roman', times, serif;"">Tahun 1970</span></p>","[""naskah"",""orasi ilmiah""]","1970-09-24","2024-04-24","4B79228E-D3DB-4D4D-B156-6312A4A0E538"
"published","Foto Lukisan  dan patung kolleksi presiden Sukarno dari Republik Indoensia edisi IV",,"Koleksi Seni","7365C25E-34E7-4486-B7D9-42DE850CB092","EE52F8FE-5D3A-48AD-8C79-6F6C4CC8FDF0","2024-04-23T07:06:27.336Z","09B23E6C-1F49-4392-B0C4-090E2051FF57","2024-09-19T06:15:41.470Z",,,"<p><span style=""font-family: 'times new roman', times, serif;"">Foto Lukisan &nbsp;dan patung kolleksi presiden Sukarno dari Republik Indoensia edisi IV</span></p>
<p><span style=""font-family: 'times new roman', times, serif;"">Bahan : Kertas Art Papper</span></p>
<p><span style=""font-family: 'times new roman', times, serif;"">Ukuran : Panjang 38,5 cm dan Lebar 31 cm</span></p>
<p><span style=""font-family: 'times new roman', times, serif;"">Tahun : 1964</span></p>","[""lukisan"",""patung"",""sukarno""]",,"2024-04-23","FAB2D407-4CB1-43D5-A8C8-EDD3BAA116D7"
"published","Disertasi Masalah Gigi Berjejal","Mundiyah Mokhtar",,"AE5972D5-55B3-4435-9B1E-462C5F30D3B2","EE52F8FE-5D3A-48AD-8C79-6F6C4CC8FDF0","2024-04-24T03:35:12.903Z","EE52F8FE-5D3A-48AD-8C79-6F6C4CC8FDF0","2024-09-10T03:33:50.736Z","Pusat Pengelolaan Pengetahuan UNPAD",,"<p><span style=""font-family: 'times new roman', times, serif;"">Disertasi Masalah Gigi Berjejal : Suatu studi perbandingan morfologi gigi, ukuran gigi dna ukuran lengkung rahang pada suku batak dan suku melayu di Sumatera Utara&nbsp;</span></p>
<p><span style=""font-family: 'times new roman', times, serif;"">Bahan : Kertas</span></p>
<p><span style=""font-family: 'times new roman', times, serif;"">Ukuran : Panjang 28,5 cm dan Lebar 21,5 cm</span></p>
<p><span style=""font-family: 'times new roman', times, serif;"">Tahun : 1982</span></p>","[""disertasi"",""masalah gigi"",""suku batak"",""suku melayu""]","1982-10-19","2024-04-24","F9B8EB7A-F09A-474B-B546-1C36779E1864"
"published","Disertasi Patologi Carcinoma Nasopharynx Khusus Ditinjau Dari Segi Histogenesis","Tanwir Jazid Mukawi",,"FC0BCCB1-7993-4F80-8A78-483EE4D8B870","EE52F8FE-5D3A-48AD-8C79-6F6C4CC8FDF0","2024-04-24T03:45:52.430Z","EE52F8FE-5D3A-48AD-8C79-6F6C4CC8FDF0","2024-09-09T07:16:37.193Z","Pusat Pengelolaan Pengetahuan UNPAD",,"<p><span style=""font-size: 11pt; line-height: 115%; font-family: 'times new roman', times, serif;"">Disertasi Patologi Carcinoma Nasopharynx Khusus Ditinjau Dari Segi Histogenesis Oleh Tanwir Jazid Mukawi </span></p>
<p><span style=""font-family: 'times new roman', times, serif;"">Ukuran : Panjang 28,5 cm dan Lebar 21,5 cm</span></p>
<p><span style=""font-family: 'times new roman', times, serif;"">Tahun : 1974</span></p>","[""disertasi"",""carcinoma nasopharynx"",""histogenesi""]",,"2024-04-24","70753ACC-49DD-4797-9DD5-747ECC9D37B5"
"published","Gentara Padjadjaran: 50 Unpad Bagimu Begeri","Universitas Padjadjaran","Koleksi Sejarah","53EFC215-1D0C-4DF4-8904-4958C7443188","EE52F8FE-5D3A-48AD-8C79-6F6C4CC8FDF0","2024-04-24T07:13:22.983Z","EE52F8FE-5D3A-48AD-8C79-6F6C4CC8FDF0","2024-09-09T07:17:01.086Z","Pusat Pengelolaan Pengetahuan UNPAD",,"<p><span style=""font-size: 11pt; line-height: 115%; font-family: 'times new roman', times, serif;"">Gentara Padjadjaran: 50 Unpad Bagimu Begeri, Edisi September 2007</span></p>
<p><span style=""font-size: 11pt; line-height: 115%; font-family: 'times new roman', times, serif;"">Bahan : kertas Art Papper</span></p>
<p><span style=""font-size: 11pt; line-height: 115%; font-family: 'times new roman', times, serif;"">Ukuran : Panjang 33 cm dan Lebar 21 cm</span></p>
<p><span style=""font-size: 11pt; line-height: 115%; font-family: 'times new roman', times, serif;"">Tahun 2007</span></p>","[""gentran"",""padjadjaran""]","2007-09-01","2024-04-24","6D228BD8-863E-49E9-A728-88998EFF061D"
"published","UUD 1945 P-4 GBHN TAP-TAP MPR 1993",,"Koleksi Sejarah","937B1042-03F0-42AE-BE39-4979FE9855DD","EE52F8FE-5D3A-48AD-8C79-6F6C4CC8FDF0","2024-04-24T07:31:36.913Z","EE52F8FE-5D3A-48AD-8C79-6F6C4CC8FDF0","2024-09-09T07:17:40.436Z","Pusat Pengelolaan Pengetahuan UNPAD",,"<p><span style=""font-family: 'times new roman', times, serif;"">UUD 1945 P-4 GBHN</span><br><span style=""font-family: 'times new roman', times, serif;"">TAP-TAP MPR 1993</span></p>
<p><span style=""font-family: 'times new roman', times, serif;"">Pidato Pertanggungjawaban Presiden/Mandataris</span></p>
<p><span style=""font-family: 'times new roman', times, serif;"">Bahan Pentaran dan Bahan Referensi Penataran</span></p>
<p><span style=""font-family: 'times new roman', times, serif;"">Bahan : Kertas</span></p>
<p><span style=""font-family: 'times new roman', times, serif;"">UKuran : Panjang 15 cm dan Lebar 11,5 cm</span></p>
<p><span style=""font-family: 'times new roman', times, serif;"">Tahun : 1993</span></p>
<p>&nbsp;</p>","[""MPR"",""GBHN"",""presiden"",""mandataris""]",,"2024-04-24","856311B9-157B-4EBC-BD60-B5C0437C6BE7"
"published","Sertifikat Tanda Partisipasi Panitia Dies Natalis XXIV ","Universitas Padjadjaran","Koleksi Sejarah","FAA022B3-E809-4E3E-9BFD-587F5324566F","EE52F8FE-5D3A-48AD-8C79-6F6C4CC8FDF0","2024-11-12T07:14:08.836Z","EE52F8FE-5D3A-48AD-8C79-6F6C4CC8FDF0","2024-11-12T07:14:44.736Z","Pusat Pengelolaan Pengetahuan UNPAD","Pusat Pengelolaan Pengetahuan UNPAD","<p dir=""ltr""><span style=""font-family: 'times new roman', times, serif;"">Sertifikat Tanda Partisipasi Panitia Dies Natalis XXIV&nbsp;</span></p>
<p dir=""ltr""><span style=""font-family: 'times new roman', times, serif;"">Panjang : 30 cm</span></p>
<p dir=""ltr""><span style=""font-family: 'times new roman', times, serif;"">Lebar : 23,2 cm</span></p>
<p dir=""ltr""><span style=""font-family: 'times new roman', times, serif;"">Bahan : Kertas&nbsp;</span></p>
<p dir=""ltr""><span style=""font-family: 'times new roman', times, serif;"">Tahun : 1981</span></p>
<p>&nbsp;</p>","[""sertifikat"",""dies natalis"",""unpad""]","1981-09-22","2024-11-12","6D28C21C-495D-4D04-889E-B31FFB0B17CE"
"published","Piala Juara 1 Best Practice Perpustakaan Perguruan Tinggi Tahun 2023","Perpustakaan Nasional RI",,"AF81A0A9-E8E5-4795-B7D1-594131B6F9E0","EE52F8FE-5D3A-48AD-8C79-6F6C4CC8FDF0","2024-09-27T03:24:15.543Z","EE52F8FE-5D3A-48AD-8C79-6F6C4CC8FDF0","2024-10-11T06:24:57.856Z","Pusat Pengelolaan Pengetahuan UNPAD","Pusat Pengelolaan Pengetahuan UNPAD","<p><span style=""font-family: 'times new roman', times, serif;"">Piala Juara 1 Best Practice Perpustakaan Perguruan Tinggi Tahun 2023</span></p>
<p><span style=""font-family: 'times new roman', times, serif;"">Pusat Pengelolaan Pengetahuan Universitas Padjadjaran meraih penghargaan bergengsi sebagai Juara I Lomba&nbsp;<em>Best Practice&nbsp;</em>Perpustakaan Perguruan Tinggi Tahun 2023 dan Rujukan sebagai Pusat Peradaban yang Berbasis Teknologi Tepat Guna bagi Sivitas Akademika dan Masyarakat. Penghargaan ini diberikan dalam rangka Lomba&nbsp;<em>Best Practice&nbsp;</em>yang diselenggarakan oleh Pusat Pengembangan Perpustakaan Sekolah/Madrasah dan Perguruan Tinggi (P3SMPT) Perpustakaan Nasional Republik Indonesia.</span></p>
<p>&nbsp;</p>
<p><span style=""font-family: 'times new roman', times, serif;"">Bahan : Logam, Kayu, Kaca/acrilic</span></p>
<p><span style=""font-family: 'times new roman', times, serif;"">Ukuran : Panjang 34,5 cm dan&nbsp;Lebar 15 cm</span></p>
<p><span style=""font-family: 'times new roman', times, serif;"">Tahun : 2023</span></p>
<p>&nbsp;</p>","[""piala"",""best practice"",""perpustakaan""]","2023-09-12","2024-09-27","45E129C4-DEF0-4C48-AB0F-9EADA81AD0CC"
"published","Piagam Penghargaan","Universitas Padjadjaran","Koleksi Sejarah","6D6D2FA1-3F45-4402-AA26-5998E2EEFB6B","EE52F8FE-5D3A-48AD-8C79-6F6C4CC8FDF0","2024-04-23T03:16:15.486Z","EE52F8FE-5D3A-48AD-8C79-6F6C4CC8FDF0","2024-09-10T03:35:27.530Z","Pusat Pengelolaan Pengetahuan UNPAD",,"<p><span style=""font-family: 'times new roman', times, serif;"">Piagam Penghargaan KKN Universitas Padjadjaran Dra. Kusdwiratri S. Staf Bidang Pendidikan</span></p>
<p><span style=""font-family: 'times new roman', times, serif;"">Bahan : Kertas</span></p>
<p><span style=""font-family: 'times new roman', times, serif;"">Ukuran : Panjang 30,3 cm dan&nbsp;Lebar 20,8 cm</span></p>
<p><span style=""font-family: 'times new roman', times, serif;"">Tahun : 1979</span></p>
<p>&nbsp;</p>","[""piagam"",""penghargaan""]","1979-05-16","2024-04-23","D0687ABB-8BA0-40C8-91DC-2DFB5FDE77D6"
"published","Bisnis Manajemen","Jurnal Bisnis Manajemen",,"783FC815-BBEA-4527-AF93-6093B07C0928","EE52F8FE-5D3A-48AD-8C79-6F6C4CC8FDF0","2024-04-24T04:20:00.986Z","EE52F8FE-5D3A-48AD-8C79-6F6C4CC8FDF0","2024-09-10T03:35:47.650Z","Pusat Pengelolaan Pengetahuan UNPAD",,"<p><span style=""font-family: 'times new roman', times, serif;"">Jurnal Bisnis Manajemen, Vol.1, No.1 - ISSN 1412-3681 dengan judul-judul :</span></p>
<ul>
<li style=""font-family: 'times new roman', times, serif;""><span style=""font-family: 'times new roman', times, serif;"">Kepemimpinan Informal Dalam Setting Bisnis Di Indoensia (<em>Fainal Afif</em>)</span></li>
<li style=""font-family: 'times new roman', times, serif;""><span style=""font-family: 'times new roman', times, serif;"">Trading Empowerment of Rural Small and Medium Scale Industries Through World Trade Point Federation (<em>Dwi Kartini</em>)</span></li>
<li style=""font-family: 'times new roman', times, serif;""><span style=""font-family: 'times new roman', times, serif;"">Price Discrimination In The Software Industry (<em>Nury Efendi</em>)</span></li>
<li style=""font-family: 'times new roman', times, serif;""><span style=""font-family: 'times new roman', times, serif;"">Keterkaitan Antara Kepuasaan Pelanggan dengan Kinerja Perusahaan (<em>Erni Tinrawati Sule</em>)</span></li>
<li style=""font-family: 'times new roman', times, serif;""><span style=""font-family: 'times new roman', times, serif;"">Peran Sistem Informasi Pemasaran pada Organisasi Bisnis (<em>Yuyun Suryana Sudarma</em>)</span></li>
<li style=""font-family: 'times new roman', times, serif;""><span style=""font-family: 'times new roman', times, serif;"">Oenerapan Kualitas Dengan Menggunakan Diagram Sebab Akibat, Diagram Pareto Dan QFD Di Perguruan Tinggi (<em>Ina Pelmiana</em>)</span></li>
<li style=""font-family: 'times new roman', times, serif;""><span style=""font-family: 'times new roman', times, serif;"">Strategi Pemasaran Jasa Dalam Meningkatkan Keunggulan Bersaing (<em>Sucherly</em>)&nbsp;</span></li>
</ul>
<p><span style=""font-family: 'times new roman', times, serif;"">Bahan : kertas</span></p>
<p><span style=""font-family: 'times new roman', times, serif;"">Ukuran : Panjang 24 cm dan Lebar 18,5 cm</span></p>
<p><span style=""font-family: 'times new roman', times, serif;"">Tahun : 2002</span></p>","[""jurnal"",""bisnis manajemen""]","2002-03-01","2024-04-24","38B17D10-B80A-41EE-AF4F-2366E6A56BC7"
"published","Foto Lukisan-lukisan dan patung-patung koleksi Presiden Sukarno dari Republik Indonesia edisi II",,"Koleksi Seni","84A3DA1C-A47F-4CF6-87A4-63EFC69EF1AC","EE52F8FE-5D3A-48AD-8C79-6F6C4CC8FDF0","2024-04-23T06:30:43.030Z","09B23E6C-1F49-4392-B0C4-090E2051FF57","2024-09-19T06:15:47.403Z","Pusat Pengelolaan Pengetahuan UNPAD",,"<p><span style=""font-family: 'times new roman', times, serif;"">Foto Lukisan-lukisan dan patung-patung koleksi Presiden Sukarno dari republik Indonesia edisi II</span></p>
<p><span style=""font-family: 'times new roman', times, serif;"">Bahan : Kertas Art Papper</span></p>
<p><span style=""font-family: 'times new roman', times, serif;"">Ukuran : Panjang 38,5 cm dan Lebar 31 cm</span></p>
<p><span style=""font-family: 'times new roman', times, serif;"">Tahun : 1964</span></p>
<p>&nbsp;</p>","[""lukisan"",""patung"",""sukarno""]",,"2024-04-23","28C94E1C-B259-4B90-91DF-DA47B460DD27"
"published","Direktori Alumni Ikatan Alumni Universitas Padjadjaran","IKA UNPAD",,"D616E2A3-980F-4A91-824D-6F032D8F54D9","EE52F8FE-5D3A-48AD-8C79-6F6C4CC8FDF0","2024-04-24T03:23:12.340Z","EE52F8FE-5D3A-48AD-8C79-6F6C4CC8FDF0","2024-10-04T04:08:42.150Z","Pusat Pengelolaan Pengetahuan UNPAD","Gedung Grha Kandaga Lt 1 R. Memorabilia","<p><span style=""font-size: 11pt; line-height: 115%; font-family: 'times new roman', times, serif;"">Direktori Alumni Ikatan Alumni Universitas Padjadjaran Edisi 1-2000</span></p>
<p><span style=""font-size: 11pt; line-height: 115%; font-family: 'times new roman', times, serif;"">Bahan : kertas</span></p>
<p><span style=""font-size: 11pt; line-height: 115%; font-family: 'times new roman', times, serif;"">Ukuran : Panjang 25 cm dan Lebar 18 cm</span></p>
<p><span style=""font-size: 11pt; line-height: 115%; font-family: 'times new roman', times, serif;"">Tahun : 2000</span></p>
<p>&nbsp;</p>","[""alumni"",""IKA UNPAD""]",,"2024-04-24","90D04878-2252-4270-BF7F-87AEC779CE0D"
"published","Disertasi Respons Crotalaria Juncea L. Terhadap Interaksi Waktu Tanam dan Lokasi","Ahmad Joenoes",,"11134DA9-2495-4125-A84D-7121F95930DA","EE52F8FE-5D3A-48AD-8C79-6F6C4CC8FDF0","2024-04-24T03:16:38.786Z","EE52F8FE-5D3A-48AD-8C79-6F6C4CC8FDF0","2024-10-11T06:40:24.976Z","Pusat Pengelolaan Pengetahuan UNPAD","Gedung Grha Kandaga Lt 1 R. Memorabilia","<p><span style=""font-family: 'times new roman', times, serif;"">Disertasi Respons Crotalaria Juncea L. Terhadap Interaksi Waktu Tanam dan Lokasi</span></p>
<p><span style=""font-family: 'times new roman', times, serif;"">Bahan : Kertas</span></p>
<p><span style=""font-family: 'times new roman', times, serif;"">Ukuran : Panjang 30,5 cm dan Lebar 21 cm</span></p>
<p><span style=""font-family: 'times new roman', times, serif;"">Tahun 1978</span></p>","[""disertasi""]","1978-08-01","2024-04-24","A24E7391-20FB-4FED-B65A-F0FB8FEAAEDA"
"published","Kependudukan: Jurnal Kependudukan Padjadjaran","Jurnal Kependudukan",,"60140CC4-226E-4021-8C60-7269C23CA3D2","EE52F8FE-5D3A-48AD-8C79-6F6C4CC8FDF0","2024-04-24T06:56:22.323Z","EE52F8FE-5D3A-48AD-8C79-6F6C4CC8FDF0","2024-10-04T04:08:58.116Z","Pusat Pengelolaan Pengetahuan UNPAD","Gedung Grha Kandaga Lt 1 R. Memorabilia","<p><span style=""font-family: 'times new roman', times, serif;"">Jurnal Kependudukan Padjadjaran, Vol.4, No.1 - ISSN 1411-5034, dengan judul- judul :</span></p>
<ul>
<li style=""font-family: 'times new roman', times, serif;""><span style=""font-family: 'times new roman', times, serif;"">Produktivitas dan Disparitas Penduduk Jawa Barat di Akhir Millenium ke-2 (<em>R. Maman Sukherman</em>)</span></li>
<li style=""font-family: 'times new roman', times, serif;""><span style=""font-family: 'times new roman', times, serif;"">Tenaga Kerja Wanita di Indonesia dalam Perkembangan 1986-1999 (<em>Fitri Hastuti</em>)</span></li>
<li style=""font-family: 'times new roman', times, serif;""><span style=""font-family: 'times new roman', times, serif;"">Pembangunan Sumber Daya Manusia (<em>Soni A. Nulhaqim &amp; Susi Hendriani</em>)</span></li>
<li style=""font-family: 'times new roman', times, serif;""><span style=""font-family: 'times new roman', times, serif;"">Angkatan Kerja dan Pengangguran di Pedesaan : Analisis Hasil Sakernas 2001 (<em>Nugraha Setaiawan</em>)</span></li>
<li style=""font-family: 'times new roman', times, serif;""><span style=""font-family: 'times new roman', times, serif;"">Jaminan Kesehatan dan Keselamatan Kerja Kaitannya dengan Tingkat Kepuasan (<em>Hetty Krisnani</em>)</span></li>
<li style=""font-family: 'times new roman', times, serif;""><span style=""font-family: 'times new roman', times, serif;"">Dimensi Kependudukan dalam Pembangunan Berkelanjutan (<em>Prijono Tjiptoherijanto</em>)</span></li>
</ul>
<p><span style=""font-family: 'times new roman', times, serif;"">Bahan : kertas</span></p>
<p><span style=""font-family: 'times new roman', times, serif;"">Ukuran : Panjang 25 cm dan Lebar 17,5 cm</span></p>
<p><span style=""font-family: 'times new roman', times, serif;"">Tahun : 2002</span></p>
<p>&nbsp;</p>","[""jurnal"",""kependudukan""]","2002-01-01","2024-04-24","8772D276-82FD-4F71-9787-41418462E19A"
"published","Tabung Sertifikat Piagam Penghargaan Juara 1 Best Practice Perpustakaan Perguruan Tinggi Tahun 2023","Perpustakaan Nasional RI",,"2643AA5A-6172-4B87-9D36-72A14589EFEE","EE52F8FE-5D3A-48AD-8C79-6F6C4CC8FDF0","2024-09-27T08:21:00.916Z","EE52F8FE-5D3A-48AD-8C79-6F6C4CC8FDF0","2024-10-11T06:26:11.516Z","Pusat Pengelolaan Pengetahuan UNPAD","Gedung Grha Kandaga Lt 1 R. Memorabilia","<p><span style=""font-family: 'times new roman', times, serif;"">Tabung Sertifikat Piagam Penghargaan Juara 1 Best Practice Perpustakaan Perguruan Tinggi Tahun 2023</span></p>
<p><span style=""font-family: 'times new roman', times, serif;"">sebagai Juara I Lomba <em>Best Practice&nbsp;</em>Perpustakaan Perguruan Tinggi Tahun 2023 selain mendapatkan piala juga mendapatkan sertifikat piagam penghargaan</span></p>
<p><span style=""font-family: 'times new roman', times, serif;"">Bahan : Pipa Paralon dilapisi Kain Beludru</span></p>
<p><span style=""font-family: 'times new roman', times, serif;"">Ukuran : Panjang 33 cm dan&nbsp;Lebar Lingkaran 6 cm</span></p>
<p><span style=""font-family: 'times new roman', times, serif;"">Tahun : 2023</span></p>
<p>&nbsp;</p>","[""piagam"",""sertifikat"",""perpustakaan"",""best practice""]","2023-09-12","2024-09-27","5AD03654-CA2C-4F39-9BB3-67DAA4ACA66C"
"published","Plakat Panitia Dies Natalis XXXIV Universitas Padjadjaran","Universitas Padjadjaran","Koleksi Seni","21E8472F-3509-446E-BF71-72E75A737279","EE52F8FE-5D3A-48AD-8C79-6F6C4CC8FDF0","2024-11-12T03:18:38.580Z",,,"Pusat Pengelolaan Pengetahuan UNPAD","Pusat Pengelolaan Pengetahuan UNPAD","<p dir=""ltr""><span style=""font-family: 'times new roman', times, serif;"">Panjang : 18,5 cm</span></p>
<p dir=""ltr""><span style=""font-family: 'times new roman', times, serif;"">Lebar : 14 cm</span></p>
<p dir=""ltr""><span style=""font-family: 'times new roman', times, serif;"">Bahan : ayu&nbsp;</span></p>
<p dir=""ltr""><span style=""font-family: 'times new roman', times, serif;"">Tahun : 1991</span></p>
<p>&nbsp;</p>","[""plakat"",""dies natalis"",""unpad""]","1991-09-23","2024-11-12","AB7D89E7-AE8B-4CAA-9F65-3E5B25B5D47F"
"published","Buku Teater Pengetahuan Panduan Produksi Koleksi ",,"Buku","B3D0900F-AC79-41A0-83C7-7D8CB10F9038","EE52F8FE-5D3A-48AD-8C79-6F6C4CC8FDF0","2024-11-12T02:42:04.436Z","EE52F8FE-5D3A-48AD-8C79-6F6C4CC8FDF0","2024-11-12T02:49:28.790Z","Pusat Pengelolaan Pengetahuan UNPAD","Pusat Pengelolaan Pengetahuan UNPAD","<p dir=""ltr""><span style=""font-family: 'times new roman', times, serif;"">Buku Teater Pengetahuan Panduan Produksi Koleksi&nbsp;</span></p>
<p dir=""ltr""><span style=""font-family: 'times new roman', times, serif;"">Panjang : 20 cm</span></p>
<p dir=""ltr""><span style=""font-family: 'times new roman', times, serif;"">Lebar : 15 cm</span></p>
<p dir=""ltr""><span style=""font-family: 'times new roman', times, serif;"">Bahan : Kertas&nbsp;</span></p>
<p dir=""ltr""><span style=""font-family: 'times new roman', times, serif;"">Tahun 2023</span></p>
<p>&nbsp;</p>","[""buku"",""teater pengetahuan"",""panduan""]","2023-09-20","2024-11-12","C481C095-55BA-405D-B89A-DB697A9942F0"
"published","Box Juara 1 Best Practice Perpustakaan Perguruan Tinggi Tahun 2023","Perpustakaan Nasional RI",,"42CA10B8-6A50-4C78-96BC-80779AD908F1","EE52F8FE-5D3A-48AD-8C79-6F6C4CC8FDF0","2024-09-27T03:35:43.866Z","EE52F8FE-5D3A-48AD-8C79-6F6C4CC8FDF0","2024-10-11T06:40:02.486Z","Pusat Pengelolaan Pengetahuan UNPAD","Gedung Grha Kandaga Lt 1 R. Memorabilia","<p><span style=""font-family: 'times new roman', times, serif;"">Box Piala Juara 1 Best Practice Perpustakaan Perguruan Tinggi Tahun 2023</span></p>
<p><span style=""font-family: 'times new roman', times, serif;"">Bahan : Papan dilapisi Kain Beludru</span></p>
<p><span style=""font-family: 'times new roman', times, serif;"">Ukuran : Panjang 32 cm,&nbsp;Lebar&nbsp; 21 cm dan Tinggi 12 cm</span></p>
<p dir=""ltr""><span style=""font-family: 'times new roman', times, serif;"">Tahun : 2023</span></p>
<p>&nbsp;</p>","[""box piala"",""best practice"",""perpustakaan""]","2023-09-12","2024-09-27","C3775031-AC09-45B7-BF41-58D572A1461A"
"draft","Bendera (Vandel) ","Universitas Padjadjaran",,"8C0664A6-A0B9-415E-B3F5-8354A4CD3294","EE52F8FE-5D3A-48AD-8C79-6F6C4CC8FDF0","2024-04-23T06:26:03.640Z","EE52F8FE-5D3A-48AD-8C79-6F6C4CC8FDF0","2024-10-04T04:12:14.590Z","Pusat Pengelolaan Pengetahuan UNPAD","Gedung Grha Kandaga Lt 1 R. Memorabilia","<p>Bendera Kuning (Vandel) Universitas Padjadjaran</p>","[""bendera"",""vandel""]",,"2024-04-23","08085BD4-96CF-4AE2-99D9-CE3C77362F78"
"published","ID Card Magang","UPT Perpustakaan UNPAD",,"AC3FDE9B-E802-4224-B92A-926910F1B770","EE52F8FE-5D3A-48AD-8C79-6F6C4CC8FDF0","2024-09-27T08:23:57.633Z","EE52F8FE-5D3A-48AD-8C79-6F6C4CC8FDF0","2024-10-04T04:12:21.933Z","Pusat Pengelolaan Pengetahuan UNPAD","Gedung Grha Kandaga Lt 1 R. Memorabilia","<p><span style=""font-family: 'times new roman', times, serif;"">ID Card Magang</span></p>
<p dir=""ltr""><span style=""font-family: 'times new roman', times, serif;"">bahan : Kertas (laminating)&nbsp;</span></p>
<p dir=""ltr""><span style=""font-family: 'times new roman', times, serif;"">Ukuran : Panjang 12,3 cm dan&nbsp;Lebar 8 cm</span></p>
<p dir=""ltr""><span style=""font-family: 'times new roman', times, serif;"">Tahun : 2015</span></p>
<p><span style=""font-family: 'times new roman', times, serif;""><strong>&nbsp;</strong></span></p>
<p dir=""ltr"">&nbsp;</p>
<p>&nbsp;</p>","[""perpustakaan"",""id card""]",,"2024-09-27","B65AF3BB-09F6-40D4-95F7-77FFB6EBAFF6"
"published","Petunjuk Penggunaan Perpustakaan Pusat Graha Soeria Atmadja","Wina Erwina, M.A., Ph.D.",,"5BBA20F5-4918-488D-A298-93E3CACB0C0F","EE52F8FE-5D3A-48AD-8C79-6F6C4CC8FDF0","2024-04-24T07:33:07.310Z","EE52F8FE-5D3A-48AD-8C79-6F6C4CC8FDF0","2024-10-04T04:12:26.980Z","Pusat Pengelolaan Pengetahuan UNPAD","Gedung Grha Kandaga Lt 1 R. Memorabilia","<p>Petunjuk Penggunaan Perpustakaan Pusat Graha Soeria Atmadja</p>
<p>Bahan : Kertas</p>
<p>Ukuran : Panjang 20 cm dan Lebar 24,5 cm</p>
<p>Tahun : 1984</p>","[""petunjuk"",""penggunaan"",""perpustakaan""]",,"2024-04-24","9637D247-5626-423B-A96B-43A74C8B5920"
"published","Vcd Lens Cleaner Dan Vcd Cleaning Fludi",,,"9CAE55FF-2025-4725-A501-979078F4B2D8","EE52F8FE-5D3A-48AD-8C79-6F6C4CC8FDF0","2024-04-24T07:35:05.406Z","EE52F8FE-5D3A-48AD-8C79-6F6C4CC8FDF0","2024-10-04T04:12:33.446Z","Pusat Pengelolaan Pengetahuan UNPAD","Gedung Grha Kandaga Lt 1 R. Memorabilia","<p><span style=""font-family: 'times new roman', times, serif;"">Vcd Lens Cleaner Dan Vcd Cleaning Fludi</span></p>
<p class=""MsoNormal"" style=""line-height: normal; mso-pagination: none; border: none; mso-padding-alt: 31.0pt 31.0pt 31.0pt 31.0pt; mso-border-shadow: yes;""><span style=""font-family: 'times new roman', times, serif;"">Bahan : Plastik dan Logam</span></p>
<p class=""MsoNormal"" style=""line-height: normal; mso-pagination: none; border: none; mso-padding-alt: 31.0pt 31.0pt 31.0pt 31.0pt; mso-border-shadow: yes;""><span style=""font-family: 'times new roman', times, serif;"">Ukuran : Panjang&nbsp;Vcd Cleaning Fluid 9 cm dan Lebar Vcd Cleaning Fluid 2 cm</span></p>
<p class=""MsoNormal"" style=""line-height: normal; mso-pagination: none; border: none; mso-padding-alt: 31.0pt 31.0pt 31.0pt 31.0pt; mso-border-shadow: yes;""><span style=""font-family: 'times new roman', times, serif;"">&nbsp; &nbsp; &nbsp; &nbsp; &nbsp; &nbsp; &nbsp; &nbsp; &nbsp; &nbsp; Lebar lingkaran Vcd Lens Cleaner 11 cm</span></p>
<p class=""MsoNormal"" style=""line-height: normal; mso-pagination: none; border: none; mso-padding-alt: 31.0pt 31.0pt 31.0pt 31.0pt; mso-border-shadow: yes;""><span style=""font-family: 'times new roman', times, serif;"">Tahun : -</span></p>
<p class=""MsoNormal"" style=""line-height: normal; mso-pagination: none; border: none; mso-padding-alt: 31.0pt 31.0pt 31.0pt 31.0pt; mso-border-shadow: yes;""><span style=""font-family: 'times new roman', times, serif;"">&nbsp;</span></p>
<p class=""MsoNormal"" style=""line-height: normal; mso-pagination: none; border: none; mso-padding-alt: 31.0pt 31.0pt 31.0pt 31.0pt; mso-border-shadow: yes;"">&nbsp;</p>","[""vcd""]",,"2024-04-24","23C57A80-3B7C-4210-A634-7786543F1A95"
"published","Disertasi Evaluasi Nilai Gizi Tepung Ikan Melalui Pertumbuhan Pada Broiler dan Produksi Telur Pada Leghorn Putih","R. Muchidin Apandi",,"02A5E474-5541-4BED-8A03-9F97889A17D2","EE52F8FE-5D3A-48AD-8C79-6F6C4CC8FDF0","2024-04-24T03:48:24.496Z","EE52F8FE-5D3A-48AD-8C79-6F6C4CC8FDF0","2024-09-10T03:25:39.883Z","Pusat Pengelolaan Pengetahuan UNPAD",,"<p><span style=""font-family: 'times new roman', times, serif;"">Disertasi Evaluasi Nilai Gizi Tepung Ikan Melalui Pertumbuhan Pada Broiler dan Produksi Telur Pada Leghorn Putih <span style=""font-size: 11pt; line-height: 115%;"">Oleh R. Muchidin Apandi </span></span></p>
<p><span style=""font-family: 'times new roman', times, serif;"">Bahan : Kertas</span></p>
<p><span style=""font-family: 'times new roman', times, serif;"">Ukuran : Panjang : 28,5 cm dan Lebar 21,5 cm</span></p>
<p><span style=""font-family: 'times new roman', times, serif;"">Tahun : 1973</span></p>","[""disertasi"",""gizi""]","1973-05-19","2024-04-24","626DD125-E7E1-4210-B91F-19FAAC0452A6"
"published","Buku Sejarah Universitas Padjadjaran (1957-2016)","Prof Dr. Nina Herlina, M.S","Koleksi Sejarah","AE219052-B8B9-4747-BDFA-A07606532D43","EE52F8FE-5D3A-48AD-8C79-6F6C4CC8FDF0","2024-04-23T07:37:56.190Z","EE52F8FE-5D3A-48AD-8C79-6F6C4CC8FDF0","2024-10-04T04:12:39.606Z","Pusat Pengelolaan Pengetahuan UNPAD","Gedung Grha Kandaga Lt 1 R. Memorabilia","<p><span style=""font-family: 'times new roman', times, serif;"">Buku Sejarah Universitas Padjadjaran (1957-2016)</span></p>
<p><span style=""font-family: 'times new roman', times, serif;"">Bahan : Kertas</span></p>
<p><span style=""font-family: 'times new roman', times, serif;"">Ukuran : Panjang 25 cm dan Lebar 18 cm</span></p>
<p><span style=""font-family: 'times new roman', times, serif;"">Tahun : 2017</span></p>","[""buku"",""sejarah"",""univeristas padjadjaran""]",,"2024-04-23","3D90F66E-B457-4402-86EA-CCAE4A81F6A9"
"published","Biografi","Prof. Dr. Nina Herlina, M.S.",,"EAFD0024-7127-45F8-BCE4-A19A338A3F42","EE52F8FE-5D3A-48AD-8C79-6F6C4CC8FDF0","2024-04-24T01:30:56.710Z","EE52F8FE-5D3A-48AD-8C79-6F6C4CC8FDF0","2024-09-10T03:37:14.236Z","Pusat Pengelolaan Pengetahuan UNPAD",,"<p><span style=""font-family: 'times new roman', times, serif;"">Biografi Rektor-Rektor Universitas Padjadjaran</span></p>
<p><span style=""font-family: 'times new roman', times, serif;"">Bahan : Kertas</span></p>
<p><span style=""font-family: 'times new roman', times, serif;"">Ukuran : Panjang 25 cm dan Lebar 17,5 cm</span></p>
<p><span style=""font-family: 'times new roman', times, serif;"">Tahun : 2019</span></p>","[""biografi"",""rektor""]",,"2024-04-24","9D71C8B5-319F-47DB-A73F-6AD18E9BB7E6"
"published","Foto Lukisan- lukisan dan Patung-patung koleksi Presiden Sukarno dari Republik Indonesia edisi V",,"Koleksi Seni","909A2E8A-9A10-4D24-BD7E-A4F3B0BDEA58","EE52F8FE-5D3A-48AD-8C79-6F6C4CC8FDF0","2024-04-23T07:33:51.686Z","09B23E6C-1F49-4392-B0C4-090E2051FF57","2024-09-19T06:15:53.773Z","Pusat Pengelolaan Pengetahuan UNPAD",,"<p><span style=""font-family: 'times new roman', times, serif;"">Foto Lukisan- lukisan dan Patung-patung koleksi Presiden Sukarno dari Republik Indonesia edisi V</span></p>
<p><span style=""font-family: 'times new roman', times, serif;"">Bahan : Art Papper</span></p>
<p><span style=""font-family: 'times new roman', times, serif;"">Ukuran : panjang 38,5 cm dan lebar 31 cm</span></p>
<p><span style=""font-family: 'times new roman', times, serif;"">Tahun : 1964&nbsp;</span></p>","[""lukisan"",""patung"",""sukarno""]",,"2024-04-23","149E5A7C-B515-49D1-B201-BDF59254AED2"
"published","Book Guide Lomba Best Practice Teater Pengetahuan Unpad – Perpusnas RI","Tim Lomba Best Practice Pusat Pengelolaan Pengetahuan UNPAD",,"19E74F3C-75DB-43DA-97E4-AD038147B3DA","EE52F8FE-5D3A-48AD-8C79-6F6C4CC8FDF0","2024-04-24T07:43:52.086Z","EE52F8FE-5D3A-48AD-8C79-6F6C4CC8FDF0","2024-10-11T06:34:25.816Z","Pusat Pengelolaan Pengetahuan UNPAD",,"<p><span style=""font-family: 'times new roman', times, serif;"">Book Guide Lomba Best Practice Teater Pengetahuan Unpad &ndash; Perpusnas RI</span></p>
<p><span style=""font-family: 'times new roman', times, serif;"">Buku guide ini dibuat pada saat akan melaksanakan lomba Best Practice di Perpustakaan Nasional RI yang&nbsp;berisi materi-materi yang akan dipersentasikan pada saat final lomba&nbsp;</span></p>
<p><span style=""font-family: 'times new roman', times, serif;"">Bahan : Kertas Art Print</span></p>
<p><span style=""font-family: 'times new roman', times, serif;"">Ukuran : Panjang 14 cm dan Lebar 20 cm</span></p>
<p><span style=""font-family: 'times new roman', times, serif;"">Tahun 2023</span></p>","[""buku"",""lomba"",""teater pengetahuan""]","2023-09-12","2024-04-24","352124BF-0893-43CC-9F69-549B1EBA618D"
"published","Buku 60 Hari Lancar Membaca","Arya Ajisaka","Buku","74448303-F228-4380-810B-B081C8D8646E","EE52F8FE-5D3A-48AD-8C79-6F6C4CC8FDF0","2024-11-13T08:20:00.573Z",,,"Pusat Pengelolaan Pengetahuan UNPAD","Pusat Pengelolaan Pengetahuan UNPAD","<p><span style=""font-family: 'times new roman', times, serif;""><strong id=""docs-internal-guid-105acf70-7fff-7182-9453-035923b1e690"">Buku 60 Hari Lancar Membaca</strong></span></p>
<p dir=""ltr""><span style=""font-family: 'times new roman', times, serif;"">Panjang : 27 cm</span></p>
<p dir=""ltr""><span style=""font-family: 'times new roman', times, serif;"">Lebar : 20,5 cm</span></p>
<p dir=""ltr""><span style=""font-family: 'times new roman', times, serif;"">Bahan : Kertas&nbsp;</span></p>
<p dir=""ltr""><span style=""font-family: 'times new roman', times, serif;"">Tahun 2018</span></p>
<p>&nbsp;</p>","[""buku"",""literasi""]","2018-11-28","2024-11-13","B56E0ED8-91E3-4CF9-B5A8-42DD03EA1826"
"published","Skripsi Respons Masyarakat Desa Terhadap Modernisasi Produksi Pertanian, Terutama Padi , suatu kasus yang terjadi di Jawa Barat","Herman Soewardi",,"CEC63B28-30E0-4B2D-B985-B1214D695532","EE52F8FE-5D3A-48AD-8C79-6F6C4CC8FDF0","2024-04-23T07:36:10.443Z","EE52F8FE-5D3A-48AD-8C79-6F6C4CC8FDF0","2024-09-09T07:25:59.266Z","Pusat Pengelolaan Pengetahuan UNPAD",,"<p><span style=""font-size: 11pt; line-height: 115%; font-family: 'times new roman', times, serif;"">Skripsi Respons Masyarakat Desa Terhadap Modernisasi Produksi Pertanian, Terutama Padi , suatu kasus yang terjadi di Jawa Barat oleh Herman Soewardi </span></p>
<p><span style=""font-size: 11pt; line-height: 115%; font-family: 'times new roman', times, serif;"">Bahan : Kertas</span></p>
<p><span style=""font-size: 11pt; line-height: 115%; font-family: 'times new roman', times, serif;"">Ukuran : panjang 29,5 cm dan Lebar 21,5 cm</span></p>
<p><span style=""font-size: 11pt; line-height: 115%; font-family: 'times new roman', times, serif;"">Tahun :1972</span></p>
<p>&nbsp;</p>","[""skrpsi""]",,"2024-04-23","0499E008-1C49-43D6-9D0D-9515A13570CF"
"published","Bionatura: Jurnal Ilmu-ilmu Hayati dan Fisik Padjadjaran","Bionatura",,"04131EF0-BFA7-4AAF-A15A-B58A64EA0F3E","EE52F8FE-5D3A-48AD-8C79-6F6C4CC8FDF0","2024-04-23T07:45:30.853Z","EE52F8FE-5D3A-48AD-8C79-6F6C4CC8FDF0","2024-09-09T07:27:20.343Z","Pusat Pengelolaan Pengetahuan UNPAD",,"<p><span style=""font-family: 'times new roman', times, serif;"">Bionatura: Jurnal Ilmu-ilmu Hayati dan Fisik Padjadjaran</span></p>
<p><span style=""font-family: 'times new roman', times, serif;"">Dengan judul-judul :</span></p>
<ul>
<li style=""font-family: 'times new roman', times, serif;""><span style=""font-family: 'times new roman', times, serif;"">Conflict Between Agricultural Development and Biological Diversity (<em>Karyono</em>)</span></li>
<li style=""font-family: 'times new roman', times, serif;""><span style=""font-family: 'times new roman', times, serif;"">Aktivitas Antidiabetes Ekstrak Akar Achras zapota Linn, Pada Tikus (<em>Ahmad Muhtadi, Sri Adi Sumiwi dan Keri Lestari</em>)</span></li>
<li style=""font-family: 'times new roman', times, serif;""><span style=""font-family: 'times new roman', times, serif;"">Pengaruh Takaran Molase Terhadap perkembangan Azotobacter Indigenus Podsolik Merah Kuning Asal Subang Pada Media Gambut (<em>Poniah Andayaningsih</em>)</span></li>
<li style=""font-family: 'times new roman', times, serif;""><span style=""font-family: 'times new roman', times, serif;"">Pengaruh Padat Penebaran Terhadap Kelangsungan Hidup dan Pertumbuhan Benih Ikan Nila (<em>oreochromis sp.</em>) Pada Budi Daya Sistem Minapadi (<em>Iskndar, Henhen Suherman dan Rosidah</em>)</span></li>
<li style=""font-family: 'times new roman', times, serif;""><span style=""font-family: 'times new roman', times, serif;"">Pengaruh Kepekatan Larutan Molase dan Konsentrasi Amonium Sulfat Pada Pembentukan Nata de Molase (<em>Debby Sumanti, Marleen Herudiyanto dan&nbsp;</em><em>Tita Rialita</em>)</span></li>
<li style=""font-family: 'times new roman', times, serif;""><span style=""font-family: 'times new roman', times, serif;""><em>Adaptasi Alat Tes Assertiveness Inventori (iEfi Fitriana, Sunggoro Trirahardjo dan A. Gimmy Pratama</em>)</span></li>
</ul>
<p><span style=""font-family: 'times new roman', times, serif;"">Bahan : Kertas</span></p>
<p><span style=""font-family: 'times new roman', times, serif;"">Ukuran : Panjang 24,5 cm dan lenar 18 cm</span></p>
<p><span style=""font-family: 'times new roman', times, serif;"">Tahun : 2000</span></p>","[""jurnal"",""bionatura"",""ilmu hayati""]","2000-09-02","2024-04-23","4163CE11-AB2E-4B0E-BAEF-AE461D7C2BB5"
"published","Tabung Penyimpanan Ijazah","Universitas Padjadjaran","Koleksi Sejarah","3740013A-61B1-45F8-91F8-B9EF0038A4B1","EE52F8FE-5D3A-48AD-8C79-6F6C4CC8FDF0","2024-04-23T03:06:25.500Z","EE52F8FE-5D3A-48AD-8C79-6F6C4CC8FDF0","2024-09-09T07:28:29.786Z","Pusat Pengelolaan Pengetahuan UNPAD",,"<p><span style=""font-family: 'times new roman', times, serif;"">Tabung Penyimpanan Ijazah</span></p>
<p><span style=""font-family: 'times new roman', times, serif;"">Bahan :</span></p>
<p><span style=""font-family: 'times new roman', times, serif;"">Ukuran :</span></p>
<p><span style=""font-family: 'times new roman', times, serif;"">Tahun :</span></p>","[""tabung"",""ijazah""]",,"2024-04-23","026BE26F-E506-4BBF-A3E3-6D3ED1B9F2EB"
"published","Fuji Film Roll",,"Koleksi Seni","4E067864-433F-47D6-9436-BA70D586FF63","EE52F8FE-5D3A-48AD-8C79-6F6C4CC8FDF0","2024-04-24T07:28:24.936Z","09B23E6C-1F49-4392-B0C4-090E2051FF57","2024-09-19T06:15:58.686Z","Pusat Pengelolaan Pengetahuan UNPAD ",,"<p><span style=""font-family: 'times new roman', times, serif;"">Fuji Film Roll (Fuji chrome 200)</span></p>
<p><span style=""font-family: 'times new roman', times, serif;"">Bahan :&nbsp;magnetis barium ferit &amp; papper glossi</span></p>
<p><span style=""font-family: 'times new roman', times, serif;"">Ukuran : Panjang 4 cm dan Lebar lingkaran 2 cm</span></p>
<p><span style=""font-family: 'times new roman', times, serif;"">Tahun : -</span></p>","[""fuji film""]",,"2024-04-24","6160BF46-BEC3-41B5-9D66-7B05D86B0321"
"published","Universitas Padjadjaran Bandung: Pedoman Penyelenggaraan Pendidikan S1 1983-1984",,,"3B8567ED-7203-4C43-B8EC-BACA4E4DD621","EE52F8FE-5D3A-48AD-8C79-6F6C4CC8FDF0","2024-04-24T03:18:26.813Z","EE52F8FE-5D3A-48AD-8C79-6F6C4CC8FDF0","2024-09-09T07:33:29.913Z","Pusat Pengelolaan Pengetahuan UNPAD",,"<p><span style=""font-family: 'times new roman', times, serif;"">Universitas Padjadjaran Bandung: Pedoman Penyelenggaraan Pendidikan S1 1983-1984</span></p>
<p><span style=""font-family: 'times new roman', times, serif;"">Bahan : Kertas</span></p>
<p><span style=""font-family: 'times new roman', times, serif;"">Ukuran : Panjang 21 cm dan Lebar 14 cm</span></p>
<p><span style=""font-family: 'times new roman', times, serif;"">Tahun : 1983</span></p>","[""pedoman"",""unpad""]",,"2024-04-24","999C811E-6C6B-4970-ADB9-4DB13D55F21D"
"published","Pedoman Umum Penyelenggaraan Pendidikan Di Universitas Padjadjaran Tahun Akademik 1994/1995",,,"BD4A29CB-C95B-4DEA-8FB7-BC591FD87388","EE52F8FE-5D3A-48AD-8C79-6F6C4CC8FDF0","2024-04-24T03:52:45.980Z","EE52F8FE-5D3A-48AD-8C79-6F6C4CC8FDF0","2024-10-11T06:35:08.183Z","Pusat Pengelolaan Pengetahuan UNPAD",,"<p><span style=""font-family: 'times new roman', times, serif;"">Buku Pedoman Umum Penyelenggaraan Pendidikan Di Universitas Padjadjaran Tahun Akademik 1994/1995</span></p>
<p><span style=""font-family: 'times new roman', times, serif;"">Bahan : Kertas</span></p>
<p><span style=""font-family: 'times new roman', times, serif;"">Ukuran : Panjang 20,8 cm dan Lebar 14 cm</span></p>
<p><span style=""font-family: 'times new roman', times, serif;"">Tahun : 1994</span></p>","[""pedoman"",""pendidikan"",""unpad""]",,"2024-04-24","A77DCB77-0225-44E0-90DA-8F299877DE8D"
"published","Surat Undangan Sidang","Universitas Padjadjaran","Koleksi Sejarah","7DD786F2-37F8-442F-8180-BED900D9409B","EE52F8FE-5D3A-48AD-8C79-6F6C4CC8FDF0","2024-04-23T03:33:38.383Z","EE52F8FE-5D3A-48AD-8C79-6F6C4CC8FDF0","2024-09-10T03:24:41.710Z","Pusat Pengelolaan Pengelolaan UNPAD",,"<p><span style=""font-family: 'times new roman', times, serif;"">Surat Undangan Sidang Pra Promosi untuk Prof. Dr. H. Gumawan Sutari</span></p>
<p><span style=""font-family: 'times new roman', times, serif;"">Bahan : Kertas</span></p>
<p><span style=""font-family: 'times new roman', times, serif;"">Ukuran : Panjang 30,8 cm dan Lebar 20,8 cm</span></p>
<p><span style=""font-family: 'times new roman', times, serif;"">Tahun : 1980</span></p>","[""surat"",""undangan"",""sidang""]","1980-11-25","2024-04-23","01FB18B9-A320-4684-B4D8-0CB152F0B850"
"published","Berkas Informasi Mahasiswa dalam Bimbingan Akademik Program SI (KRS)","Universitas Padjadjaran","Koleksi Sejarah","F13A6607-4E8D-4AA3-85B4-BFCD2B9F40ED","EE52F8FE-5D3A-48AD-8C79-6F6C4CC8FDF0","2024-11-12T07:20:58.520Z",,,"Pusat Pengelolaan Pengetahuan UNPAD","Pusat Pengelolaan Pengetahuan UNPAD","<p dir=""ltr""><span style=""font-family: 'times new roman', times, serif;"">Berkas Informasi Mahasiswa dalam Bimbingan Akademik Program SI (KRS)</span></p>
<p dir=""ltr""><span style=""font-family: 'times new roman', times, serif;"">Panjang : 20 cm</span></p>
<p dir=""ltr""><span style=""font-family: 'times new roman', times, serif;"">Lebar : 14,3 cm</span></p>
<p dir=""ltr""><span style=""font-family: 'times new roman', times, serif;"">Bahan : Kertas&nbsp;</span></p>
<p dir=""ltr""><span style=""font-family: 'times new roman', times, serif;"">Tahun : 1991/1994/1995/1996</span></p>
<p>&nbsp;</p>","[""mahasiswa"",""krs"",""unpad""]","1994-08-01","2024-11-12","D96C316C-33C7-46AF-97A3-D0996E1368A9"
"published","Kaset Wisuda Lulusan Unpad Gelombang II Tahun Akademik 2007/2008","Universitas Padjadjaran","Koleksi Fotografi","340D7544-1047-4562-955A-C2E85B92B81F","EE52F8FE-5D3A-48AD-8C79-6F6C4CC8FDF0","2024-04-24T07:14:23.026Z","EE52F8FE-5D3A-48AD-8C79-6F6C4CC8FDF0","2024-09-09T07:38:20.603Z","Pusat Pengelolaan Pengetahuan UNPAD",,"<p><span style=""font-size: 11pt; line-height: 115%; font-family: 'times new roman', times, serif;"">Kaset Wisuda Lulusan Unpad Gelombang II Tahun Akademik 2007/2008, Tanggal 27,28, dan 29 Februari 2008</span></p>
<p><span style=""font-size: 11pt; line-height: 115%; font-family: 'times new roman', times, serif;"">Bahan : Logam/plastik</span></p>
<p><span style=""font-size: 11pt; line-height: 115%; font-family: 'times new roman', times, serif;"">Ukuran : Panjang 13 cm dan Lebar 12,5 cm</span></p>
<p><span style=""font-size: 11pt; line-height: 115%; font-family: 'times new roman', times, serif;"">Tahun : 2008</span></p>
<p>&nbsp;</p>","[""kaset"",""wisuda"",""unpad""]","2008-02-27","2024-04-24","FB4159A9-23EB-4936-AC96-C60707DAD2E9"
"published","Mug UPT Perpustakaan Universitas Padjadjaran","UPT Perpustakaan UNPAD","Koleksi Seni","6740F6A1-6CDA-410E-B632-C56DC5433C89","EE52F8FE-5D3A-48AD-8C79-6F6C4CC8FDF0","2024-09-27T07:06:05.346Z",,,"Pusat Pengelolaan Pengetahuan UNPAD","Pusat Pengelolaan Pengetahuan UNPAD","<p>Mug UPT Perpustakaan Universitas Padjadjaran</p>
<p>Bahan : keramik</p>
<p>Ukuran :&nbsp;Tinggi 9,5 cm dan&nbsp;Lebar Lingkaran 7,8 cm</p>
<p>Tahun : 2015</p>
<p>&nbsp;</p>","[""mug"",""perpustakaan""]",,"2024-09-27","42F0DEEB-7158-4814-BA8F-CD8F954BE348"
"draft","Kartu Tanda Mahasiswa","Universitas Padjadjaran",,"043F1A73-93A3-4277-B56D-C6F241012F05","EE52F8FE-5D3A-48AD-8C79-6F6C4CC8FDF0","2024-04-24T07:26:18.003Z","EE52F8FE-5D3A-48AD-8C79-6F6C4CC8FDF0","2024-09-10T03:26:02.086Z","Pusat Pengelolaan Pengetahuan UNPAD",,"<p>Kartu Tanda Mahasiswa Universitas Padjadjaran, Milik :</p>
<ul>
<li>Trisatya</li>
<li>Karindra Nadya S</li>
</ul>","[""unpad"",""KTM""]",,"2024-04-24","AD0BACF8-BDE0-4B8A-B41C-F6663C04A797"
"draft","Lemari Katalog","Perpustakaan Univeristas Padjadjaran",,"788527F0-F576-464E-8994-CCEFCDB04ACB","EE52F8FE-5D3A-48AD-8C79-6F6C4CC8FDF0","2024-06-28T01:57:09.986Z","EE52F8FE-5D3A-48AD-8C79-6F6C4CC8FDF0","2024-09-10T03:26:24.236Z","Universitas padjadjaran",,,"[""lemari"",""katalog""]",,"2024-06-28","0BC087F2-5C13-4E69-BDDE-825E4D691E1A"
"published","Sosiohumaniora: Jurnal Ilmu-Ilmu Sosial dan Humaniora Padjadjaran","Sosiohumaniora",,"1F0BE666-4A5D-4325-9E5B-E4DFEF177F3A","EE52F8FE-5D3A-48AD-8C79-6F6C4CC8FDF0","2024-04-24T02:34:04.500Z","EE52F8FE-5D3A-48AD-8C79-6F6C4CC8FDF0","2024-09-09T07:43:37.813Z","Pusat Pengelolaan Pengetahuan UNPAD",,"<p><span style=""font-family: 'times new roman', times, serif;"">Sosiohumaniora: Jurnal Ilmu-Ilmu Sosial dan Humaniora Padjadjaran</span></p>
<p><span style=""font-family: 'times new roman', times, serif;"">Edisi : Sosio-Ekonomi</span></p>
<p><span style=""font-family: 'times new roman', times, serif;"">Dengan judul-judul :</span></p>
<ul>
<li style=""font-family: 'times new roman', times, serif;""><span style=""font-family: 'times new roman', times, serif;"">Pengadaan Rumah Melalui Dana Taperum Berdasarkan Kappers No 14 Tahun 1993 Tentang Tabungan Perumahan Pegawai Negeri Sipil (<em>Yani Pujiwati, Mulyani Djakaria dan Betty Rubiati</em>)</span></li>
<li style=""font-family: 'times new roman', times, serif;""><span style=""font-family: 'times new roman', times, serif;"">Aplikasi Bauran Pemasaran Dalam Meningkatkan Performansi Waserda Koperasi Unit Desa (KUD) (<em>Sri Djatnika S.Arifin, Poppy Rufaida dan Humairah</em>)</span></li>
<li style=""font-family: 'times new roman', times, serif;""><span style=""font-family: 'times new roman', times, serif;"">Industri Indigo di Kabupaten Cirebon pada Masa Sistem Tanam Paksa (1830-1870) (<em>Awaludin Nugraha, Kunto Sofianto dan R.M. Mulyadi</em>)</span></li>
<li style=""font-family: 'times new roman', times, serif;""><span style=""font-family: 'times new roman', times, serif;"">Peranan Kerjasama Antar Pusat Dokumentasi Media Massa Ibukota (Jakarta) Dalam Menunjang Tugas Para Wartawan (<em>Wina Erwia dan Yunus Winoto</em>)</span></li>
<li style=""font-family: 'times new roman', times, serif;""><span style=""font-family: 'times new roman', times, serif;"">Prasangka Etnis Mahasiswa Aceh dan Papua Barat yang Tinggan di Bandung Terhadap Suku Jawa&nbsp;<em>(Zainal Abidin, Efi Fitriana dan Sunggoro Trirahardjo</em>)</span></li>
<li style=""font-family: 'times new roman', times, serif;""><span style=""font-family: 'times new roman', times, serif;"">Hubungan Dinamika Organisasi Koperasi dengan Partisipasi Anggota Koperasi (Suatu Kasus pada Koperasi Persusuan) (<em>Unang Yunasaf, Nugraha Setiawan dan Lilis Nurlina</em>)</span></li>
</ul>
<p><span style=""font-family: 'times new roman', times, serif;"">Bahan : Kertas</span></p>
<p><span style=""font-family: 'times new roman', times, serif;"">Ukuran : Panjang 24 cm dan Lebar 18 cm</span></p>
<p><span style=""font-family: 'times new roman', times, serif;"">Tahun : 2001</span></p>","[""jurnal"",""sosial"",""humaniora"",""sosiohumaniora""]","2001-07-01","2024-04-24","E68A8502-9E90-474B-ADCA-B3FEE9DD5715"
"published","Disertasi Efisiensi Serapan Fosfat pada Padi dan Palawija dalam Pola Tanam Ganda pada Tanah Darat Podsolik ","Aisyah Djajasudharma Suyono",,"1BF2394A-0B23-458E-9187-E9710BA37259","EE52F8FE-5D3A-48AD-8C79-6F6C4CC8FDF0","2024-09-27T07:01:45.906Z","EE52F8FE-5D3A-48AD-8C79-6F6C4CC8FDF0","2024-09-27T07:32:37.426Z","Pusat Pengelolan Pengetahuan UNPAD","Pusat Pengelolan Pengetahuan UNPAD","<p><span style=""font-family: 'times new roman', times, serif;"">Disertasi Efisiensi Serapan Fosfat pada Padi dan Palawija dalam Pola Tanam Ganda pada Tanah Darat Podsolik oleh Aisyah Djajasudharma Suyono</span></p>
<p><span style=""font-family: 'times new roman', times, serif;"">Bahan : kertas dan hard cover</span></p>
<p dir=""ltr""><span style=""font-family: 'times new roman', times, serif;"">Ukuran : Lebar 21,5 cm dan&nbsp;Panjang 28,5 cm</span></p>
<p dir=""ltr""><span style=""font-family: 'times new roman', times, serif;"">Tahun : 1982</span></p>
<p>&nbsp;</p>","[""disertasi"",""padi"",""fosfat"",""palawija"",""podsolik""]","1982-10-01","2024-09-27","346BC0A1-E443-4D4F-8AFD-198CDC2EA33D"
"published","Buku Kuliah Kehormatan Profesor Purnabakti","Profesor Purnabakti",,"D03959C8-A6C5-4263-8933-EA8F99EA881A","EE52F8FE-5D3A-48AD-8C79-6F6C4CC8FDF0","2024-09-27T06:27:01.573Z",,,"Pusat Pengelolaan Pengetahuan UNPAD","Pusat Pengelolaan Pengetahuan UNPAD","<p><span style=""font-family: 'times new roman', times, serif;"">Buku Kuliah Kehormatan Profesor Purnabakti oleh Prof. Dr. Hj. yuyun Yuwariah, Ir., AS., M.S. , Prof. Dr. Firman F. Wirakusumah, dr., SpOG (K) , Prof. Dr. Husein Hernadi Bahti, M.S. , Prof. dr. Herman Susanto,Sp.OG., K-Onk , Prof. Dr. Ir. Maman Paturochman,M.S. , Prof. Dr. Ir. Hj. Nurpilihan Bafdal, M.Sc. , Prof. Dr. Rully M.A. Roesli, dr., SpPD-KGH</span></p>
<p><span style=""font-family: 'times new roman', times, serif;"">Bahan : Kertas</span></p>
<p><span style=""font-family: 'times new roman', times, serif;"">Ukuran : Lebar 20,7 cm dan&nbsp;Panjang 29,5 cm</span></p>
<p><span style=""font-family: 'times new roman', times, serif;"">Tahun : 2018</span></p>
<p>&nbsp;</p>","[""profesor purnabakti"",""buku""]","2018-08-04","2024-09-27","82BD70CC-57DC-4F1F-A507-99FC1D503FF0"
"published","Kalung wisudawan UNPAD ","Universitas Padjadjaran","Koleksi Sejarah","77D22B12-9F9F-443D-AE58-EB286CCD3B92","EE52F8FE-5D3A-48AD-8C79-6F6C4CC8FDF0","2024-11-12T07:30:25.106Z",,,"Pusat Pengelolaan Pengetahuan UNPAD","Pusat Pengelolaan Pengetahuan UNPAD","<p dir=""ltr""><span style=""font-family: 'times new roman', times, serif;"">Kalung wisudawan UNPAD&nbsp;</span></p>
<p dir=""ltr""><span style=""font-family: 'times new roman', times, serif;"">Panjang : 60,5 cm</span></p>
<p dir=""ltr""><span style=""font-family: 'times new roman', times, serif;"">Lebar : 4,5 cm</span></p>
<p dir=""ltr""><span style=""font-family: 'times new roman', times, serif;"">Bahan ; Kain dan Logam</span></p>
<p>&nbsp;</p>","[""kalung wisudawan"",""unpad""]",,"2024-11-12","F7866FFD-6C1D-45AD-AC6C-F6A2496DBECB"
"published","Disertasi Metoda Mikrohematokrit Sebagai Teknologi Baru Diagnosa Surra dan Relevansi Kaitannya dengan Sosial-Ekonomi Peternakan","Maman P Rukmana",,"F134A40D-D3C1-4E6F-875A-F07AF0CB7E63","EE52F8FE-5D3A-48AD-8C79-6F6C4CC8FDF0","2024-04-24T03:44:15.266Z","EE52F8FE-5D3A-48AD-8C79-6F6C4CC8FDF0","2024-09-09T07:40:51.496Z","Pusat Pengelolaan Pengetahuan UNPAD",,"<p><span style=""font-size: 11.0pt; line-height: 115%; font-family: 'Cambria',serif; mso-ascii-theme-font: minor-latin; mso-fareast-font-family: Arial; mso-hansi-theme-font: minor-latin; mso-bidi-font-family: Arial; mso-ansi-language: EN-ID; mso-fareast-language: EN-ID; mso-bidi-language: AR-SA;"">Disertasi Metoda Mikrohematokrit Sebagai Teknologi Baru Diagnosa Surra dan Relevansi Kaitannya dengan Sosial-Ekonomi Peternakan Oleh Maman P. Rukmana</span></p>
<p><span style=""font-size: 11.0pt; line-height: 115%; font-family: 'Cambria',serif; mso-ascii-theme-font: minor-latin; mso-fareast-font-family: Arial; mso-hansi-theme-font: minor-latin; mso-bidi-font-family: Arial; mso-ansi-language: EN-ID; mso-fareast-language: EN-ID; mso-bidi-language: AR-SA;"">Bahan : Kertas</span></p>
<p><span style=""font-size: 11.0pt; line-height: 115%; font-family: 'Cambria',serif; mso-ascii-theme-font: minor-latin; mso-fareast-font-family: Arial; mso-hansi-theme-font: minor-latin; mso-bidi-font-family: Arial; mso-ansi-language: EN-ID; mso-fareast-language: EN-ID; mso-bidi-language: AR-SA;"">Ukuran : 28,5 cm dan Lebar 21,5 cm</span></p>
<p><span style=""font-size: 11.0pt; line-height: 115%; font-family: 'Cambria',serif; mso-ascii-theme-font: minor-latin; mso-fareast-font-family: Arial; mso-hansi-theme-font: minor-latin; mso-bidi-font-family: Arial; mso-ansi-language: EN-ID; mso-fareast-language: EN-ID; mso-bidi-language: AR-SA;"">Tahun : 1979</span></p>
<p>&nbsp;</p>","[""disertasi"",""mikrohematokrit""]",,"2024-04-24","6656A027-A477-4031-ABC6-4C1ADBED00D6"
"published","Disertasi Keputusan Tetap Aktif Kuliah Sebagai Implikasi dari Kualitas Pelayanan, Orientasi Pelayanan, dan Biaya Pendidikan yang Dimediasi Oleh Kepuasan Mahasiswa Word of Mouth Studi padarsitas Swasta di Jawa Barat ","Yenny Maya Dora",,"26245844-E67F-4A71-8433-F196120F4CFA","EE52F8FE-5D3A-48AD-8C79-6F6C4CC8FDF0","2024-09-27T06:15:24.840Z",,,"Pusat Pengelolaan Pengetahuan UNPAD","Pusat Pengelolaan Pengetahuan UNPAD","<p>Disertasi Keputusan Tetap Aktif Kuliah Sebagai Implikasi dari Kualitas Pelayanan, Orientasi Pelayanan, dan Biaya Pendidikan yang Dimediasi Oleh Kepuasan Mahasiswa Word of Mouth Studi padarsitas Swasta di Jawa Barat oleh Yenny Maya Dora</p>","[""disertasi"",""orientasi pelayanan"",""pendidikan"",""mahasiswa""]","2018-10-04","2024-09-27","BD7396F0-7AA1-4600-943E-1C2DAC1168AE"